SAMPLENAME	REFERENCE	BAMURL
664647_GIG	ha412	s3://rieseberg-bunnies-build/merge.1-664647_GIG-sha1_4735ab27a10b85e03c78ff4c69f7e3dad42ba765/
664647_GIG	psc8	s3://rieseberg-bunnies-build/merge.1-664647_GIG-sha1_04f31ad1f6907c1b61a25c07ad01500a5ab66461/
664647_GIG	xrqv2	s3://rieseberg-bunnies-build/merge.1-664647_GIG-sha1_028034cde2b0fb0cbf69c841cdfeda8981eba65f/
ANN0816	ha412	s3://rieseberg-bunnies-build/merge.1-ANN0816-sha1_39ee0d9bd73d0fdf5a39b28f7ecdaec0340d53f3/
ANN0816	psc8	s3://rieseberg-bunnies-build/merge.1-ANN0816-sha1_18cbab9ca7d416a5a0a643137cd3ea2597b40bcc/
ANN0816	xrqv2	s3://rieseberg-bunnies-build/merge.1-ANN0816-sha1_7d1728c9d817f3c30bd0cd2f940ccfa927b7fc33/
ANN0855	ha412	s3://rieseberg-bunnies-build/merge.1-ANN0855-sha1_c2d3ba97dc0510251aded9187ff523154a515fc6/
ANN0855	psc8	s3://rieseberg-bunnies-build/merge.1-ANN0855-sha1_8cee1741164529b6e98667f209534464e9f1f6d3/
ANN0855	xrqv2	s3://rieseberg-bunnies-build/merge.1-ANN0855-sha1_da03d2b0568faf53aef9ed11b4ef2537654e2ed6/
ANN0908	ha412	s3://rieseberg-bunnies-build/merge.1-ANN0908-sha1_804d0d1c93efe0a743d49bc1440b774ea5a7ae5c/
ANN0908	psc8	s3://rieseberg-bunnies-build/merge.1-ANN0908-sha1_5295beb77c5324c110279f2325c81cdab442d5a2/
ANN0908	xrqv2	s3://rieseberg-bunnies-build/merge.1-ANN0908-sha1_6f96b76f77e82be158135e1a4a6f069a80fc05a3/
ANN1004	ha412	s3://rieseberg-bunnies-build/merge.1-ANN1004-sha1_fc01486afdd80284be4837c4ad2e066c7fdc248b/
ANN1004	psc8	s3://rieseberg-bunnies-build/merge.1-ANN1004-sha1_4941571691b941fbc26ec25357c5a82f638d4dd4/
ANN1004	xrqv2	s3://rieseberg-bunnies-build/merge.1-ANN1004-sha1_a35d11a9eb66503f9343b51cc43f32f818972968/
ANN1383	ha412	s3://rieseberg-bunnies-build/merge.1-ANN1383-sha1_6f8aba76ed51cc9bb95899c32de8f7e26c9c8a08/
ANN1383	psc8	s3://rieseberg-bunnies-build/merge.1-ANN1383-sha1_e14cbfea8aec9ac082371987a0f549030566489d/
ANN1383	xrqv2	s3://rieseberg-bunnies-build/merge.1-ANN1383-sha1_8b355094d4adfe855cee2d9f82fb43895d025f17/
ARG0020	ha412	s3://rieseberg-bunnies-build/merge.1-ARG0020-sha1_2d89f4adf0b5cc2ca88316a1fbf2bc8852bb2ee0/
ARG0020	psc8	s3://rieseberg-bunnies-build/merge.1-ARG0020-sha1_44eb1d79306f64d92de2dcdd1e9e3a745d555cc9/
ARG0020	xrqv2	s3://rieseberg-bunnies-build/merge.1-ARG0020-sha1_e7aacf455fbc5b678770782bde6df1d3190fde39/
ARG0046	ha412	s3://rieseberg-bunnies-build/merge.1-ARG0046-sha1_05ab49de595362f984d7a3dd0e5f9ccfba889116/
ARG0046	psc8	s3://rieseberg-bunnies-build/merge.1-ARG0046-sha1_6929c557d9c702457c4190dae94dd388713027d9/
ARG0046	xrqv2	s3://rieseberg-bunnies-build/merge.1-ARG0046-sha1_acf5d156d7b7946e451546248b8021056b7773f0/
ARG0085	ha412	s3://rieseberg-bunnies-build/merge.1-ARG0085-sha1_311d388409af2528c3a2f9e46c06911dc1266ce1/
ARG0085	psc8	s3://rieseberg-bunnies-build/merge.1-ARG0085-sha1_42b68ca5db3ecac5b7b4ec0eacfac4ce9a5b0178/
ARG0085	xrqv2	s3://rieseberg-bunnies-build/merge.1-ARG0085-sha1_b6a6551d0e1ef0399947e67de68142d853dbc489/
ARG0159	ha412	s3://rieseberg-bunnies-build/merge.1-ARG0159-sha1_2fe1db87d0622f35e81ab05ebc4c439b1568beba/
ARG0159	psc8	s3://rieseberg-bunnies-build/merge.1-ARG0159-sha1_37329bac0247b5379a7d59cdfa5af387790f4075/
ARG0159	xrqv2	s3://rieseberg-bunnies-build/merge.1-ARG0159-sha1_880cd975414448e99cd789ada8f24cdca3afa132/
ARG0219	ha412	s3://rieseberg-bunnies-build/merge.1-ARG0219-sha1_da426eadd4bae84b943a94c65e15d55e854dd092/
ARG0219	psc8	s3://rieseberg-bunnies-build/merge.1-ARG0219-sha1_091ebf25ab0442415278eda30233a21af1bd5293/
ARG0219	xrqv2	s3://rieseberg-bunnies-build/merge.1-ARG0219-sha1_c7f0b70660bcbfbb9619147cc1184a74bda93634/
DEB_1136	ha412	s3://rieseberg-bunnies-build/merge.1-DEB_1136-sha1_e7291cd197302792cbae3041b2ee75f7e8b4ef76/
DEB_1136	psc8	s3://rieseberg-bunnies-build/merge.1-DEB_1136-sha1_a844182a441bf3e03424c23228330b69b0d66add/
DEB_1136	xrqv2	s3://rieseberg-bunnies-build/merge.1-DEB_1136-sha1_1aa6da1026ec2e2f2d7aa5f2636b593ab6e23366/
DEB_1810	ha412	s3://rieseberg-bunnies-build/merge.1-DEB_1810-sha1_1911a70b7badae0d9d81bcf071335a8f15f8e557/
DEB_1810	psc8	s3://rieseberg-bunnies-build/merge.1-DEB_1810-sha1_627df663ee5a99f0f1fd87149516d295f1db1660/
DEB_1810	xrqv2	s3://rieseberg-bunnies-build/merge.1-DEB_1810-sha1_aeaac96c3d35c1caf2db5dd1dff782515116de22/
DEB_1837	ha412	s3://rieseberg-bunnies-build/merge.1-DEB_1837-sha1_09a9ea4e17cb7ec5bfe59d0cc9c8aac45ed9d975/
DEB_1837	psc8	s3://rieseberg-bunnies-build/merge.1-DEB_1837-sha1_482a1af46b14837d2a39b83cd34658ef545f08ac/
DEB_1837	xrqv2	s3://rieseberg-bunnies-build/merge.1-DEB_1837-sha1_778018931357e7a62ae04b75271904e6b2fb6621/
DEB_366	ha412	s3://rieseberg-bunnies-build/merge.1-DEB_366-sha1_e6dcbe849bb691f59f51c4d5b5782603fd471ca3/
DEB_366	psc8	s3://rieseberg-bunnies-build/merge.1-DEB_366-sha1_0e02f65849a1ab3f2a2ad36ce1464e9e65ad7a82/
DEB_366	xrqv2	s3://rieseberg-bunnies-build/merge.1-DEB_366-sha1_7a1dea5480efce7b4f7e7e8f0995d7d2a457c8a8/
DEB_896	ha412	s3://rieseberg-bunnies-build/merge.1-DEB_896-sha1_4d0e3f9b9da96ec45f350eb27f0b58e3b0334f4a/
DEB_896	psc8	s3://rieseberg-bunnies-build/merge.1-DEB_896-sha1_c2397411783342a42e45e148a406fa646b595eca/
DEB_896	xrqv2	s3://rieseberg-bunnies-build/merge.1-DEB_896-sha1_9ff8e7dd398ba6904058d8f3e1b34f46ff47631d/
DEC_1895	ha412	s3://rieseberg-bunnies-build/merge.1-DEC_1895-sha1_414a7d590b90bb2f310baad0dd428424ffa93158/
DEC_1895	psc8	s3://rieseberg-bunnies-build/merge.1-DEC_1895-sha1_0b32d994ab76663a2c048651ffef1940c2cdb1c9/
DEC_1895	xrqv2	s3://rieseberg-bunnies-build/merge.1-DEC_1895-sha1_86feb1d53cb81f034aca188a9bf3a260332fa8a8/
DIV_1956	ha412	s3://rieseberg-bunnies-build/merge.1-DIV_1956-sha1_6d01ae8738bdee78a837e998fd25f6d3dbe59eb2/
DIV_1956	psc8	s3://rieseberg-bunnies-build/merge.1-DIV_1956-sha1_a014a673703350e117b4c73b4b24eb8b35b9f86f/
DIV_1956	xrqv2	s3://rieseberg-bunnies-build/merge.1-DIV_1956-sha1_3d843a2b562e0949a1cc1967e7fd87790363bf3d/
GO1_GB057	ha412	s3://rieseberg-bunnies-build/merge.1-GO1_GB057-sha1_de296cdc9ec8201719ec66eac6743d11318db42c/
GO1_GB057	psc8	s3://rieseberg-bunnies-build/merge.1-GO1_GB057-sha1_594d9067213775c5cfc6263701bfb9bc36fa7170/
GO1_GB057	xrqv2	s3://rieseberg-bunnies-build/merge.1-GO1_GB057-sha1_7588b2869c65b48ffd985ed362c9d185b7770647/
GO2_GB066	ha412	s3://rieseberg-bunnies-build/merge.1-GO2_GB066-sha1_691b02320b81e17345e4812f8a394ae0d5c8b045/
GO2_GB066	psc8	s3://rieseberg-bunnies-build/merge.1-GO2_GB066-sha1_7017a034d6075375a9a69f7c011e982dc555ad49/
GO2_GB066	xrqv2	s3://rieseberg-bunnies-build/merge.1-GO2_GB066-sha1_1ee6dd125d3a9228631c1a1b4ff4ab596b27e1e9/
GO7_GB071	ha412	s3://rieseberg-bunnies-build/merge.1-GO7_GB071-sha1_7fd59d84a3ea5d408b984cf74d5a54fbd9312855/
GO7_GB071	psc8	s3://rieseberg-bunnies-build/merge.1-GO7_GB071-sha1_6230ab85ac266de2eb43eee351fb06aae8483667/
GO7_GB071	xrqv2	s3://rieseberg-bunnies-build/merge.1-GO7_GB071-sha1_4305f0021253f25c66086bd6db5de9149497dfdd/
GO8_GB179	ha412	s3://rieseberg-bunnies-build/merge.1-GO8_GB179-sha1_b739902f4e4a2700d20cf8c836bb46431013debf/
GO8_GB179	psc8	s3://rieseberg-bunnies-build/merge.1-GO8_GB179-sha1_6d1cc02efd7fb6ad2edd83c0c9a3511a26613be1/
GO8_GB179	xrqv2	s3://rieseberg-bunnies-build/merge.1-GO8_GB179-sha1_aa716c180b148681ddf67695a89d4bb96c0fd6e2/
GO9_GB275	ha412	s3://rieseberg-bunnies-build/merge.1-GO9_GB275-sha1_d62bb33af1254e8c96a2a5ec7adf59eb0661fa7a/
GO9_GB275	psc8	s3://rieseberg-bunnies-build/merge.1-GO9_GB275-sha1_224c4a9bc53542fefdef3e538a4a8a7d2441fd80/
GO9_GB275	xrqv2	s3://rieseberg-bunnies-build/merge.1-GO9_GB275-sha1_8eac3ae1fdd922c23c35c4f412fd63e4a96d8bbb/
GRO_2043	ha412	s3://rieseberg-bunnies-build/merge.1-GRO_2043-sha1_273a10e420b37c91c0b2a197ed06d4152ade9296/
GRO_2043	psc8	s3://rieseberg-bunnies-build/merge.1-GRO_2043-sha1_ee7603189d2a7227f3cbb72fc38d51fea7bef247/
GRO_2043	xrqv2	s3://rieseberg-bunnies-build/merge.1-GRO_2043-sha1_bdfbdd93d6fb4e6aba981b130e0b2c5d93a3c034/
HK24_16_01_R_108	ha412	s3://rieseberg-bunnies-build/merge.1-HK24_16_01_R_108-sha1_8a89ca364c34c8a1a5df79ab781c540a4da9b0a5/
HK24_16_01_R_108	psc8	s3://rieseberg-bunnies-build/merge.1-HK24_16_01_R_108-sha1_53673f6b2f719cc4ada94dd3ebe075d744569343/
HK24_16_01_R_108	xrqv2	s3://rieseberg-bunnies-build/merge.1-HK24_16_01_R_108-sha1_06a1782eb9632742be917a85c97f3308c7f747f1/
HK24_16_01_R_118	ha412	s3://rieseberg-bunnies-build/merge.1-HK24_16_01_R_118-sha1_3f17f39fd710e135f243e788d20c4b91fba26883/
HK24_16_01_R_118	psc8	s3://rieseberg-bunnies-build/merge.1-HK24_16_01_R_118-sha1_e8b268ee7b354ac26076c12b201796d9d3c6e06b/
HK24_16_01_R_118	xrqv2	s3://rieseberg-bunnies-build/merge.1-HK24_16_01_R_118-sha1_c2d09490737750334abb609a19f9c4b978645d57/
LS_30-5	ha412	s3://rieseberg-bunnies-build/merge.1-LS_30-5-sha1_ee41cd30bad320ff0e3a6082ef588483f39b18c2/
LS_30-5	psc8	s3://rieseberg-bunnies-build/merge.1-LS_30-5-sha1_60c958eaec3e169f0b86b55199ccd262b2316de1/
LS_30-5	xrqv2	s3://rieseberg-bunnies-build/merge.1-LS_30-5-sha1_bdba7d10f4029f1bdb1786809e3dbc2b353d3c99/
NHKG_16_01_R_144	ha412	s3://rieseberg-bunnies-build/merge.1-NHKG_16_01_R_144-sha1_e9dc2296f7aabb29fb1776fd0176e5f92b642473/
NHKG_16_01_R_144	psc8	s3://rieseberg-bunnies-build/merge.1-NHKG_16_01_R_144-sha1_0d10a30937d9b2fc2e627f87ed342cdad291faae/
NHKG_16_01_R_144	xrqv2	s3://rieseberg-bunnies-build/merge.1-NHKG_16_01_R_144-sha1_8579b384b0bec28dbf56de7407c7bbb1247165fb/
NHKG_16_01_W_214	ha412	s3://rieseberg-bunnies-build/merge.1-NHKG_16_01_W_214-sha1_95dfcec22d8519e60d2c320d1f66010f48b75eee/
NHKG_16_01_W_214	psc8	s3://rieseberg-bunnies-build/merge.1-NHKG_16_01_W_214-sha1_544c0ddf850dd28803122854c1b972cd4e76bb1b/
NHKG_16_01_W_214	xrqv2	s3://rieseberg-bunnies-build/merge.1-NHKG_16_01_W_214-sha1_92b2a8adb47720cbf8fd2a5dbdd4503583976a28/
PET0329	ha412	s3://rieseberg-bunnies-build/merge.1-PET0329-sha1_a5ba5bde1b35282e45fef570e2f8dfe1e3aa8969/
PET0329	psc8	s3://rieseberg-bunnies-build/merge.1-PET0329-sha1_4049bd7a77268f6da39cebfe1125ff9045512757/
PET0329	xrqv2	s3://rieseberg-bunnies-build/merge.1-PET0329-sha1_f74a7a46be49b3e2bb629cd862b094e075325598/
PET0384	ha412	s3://rieseberg-bunnies-build/merge.1-PET0384-sha1_645c02d2ace8a45d6399af1a56d0bea9aae8fbd6/
PET0384	psc8	s3://rieseberg-bunnies-build/merge.1-PET0384-sha1_33aa48a3dd1da6de005a08a859dc62fb735e154f/
PET0384	xrqv2	s3://rieseberg-bunnies-build/merge.1-PET0384-sha1_96735c70fdd4562d493b05c110e9d258f444618a/
PET0412	ha412	s3://rieseberg-bunnies-build/merge.1-PET0412-sha1_a5734e3302a13e5b3a8791cadb949751a7502a66/
PET0412	psc8	s3://rieseberg-bunnies-build/merge.1-PET0412-sha1_143e07924361302295729a77301436c881dd9830/
PET0412	xrqv2	s3://rieseberg-bunnies-build/merge.1-PET0412-sha1_d69ffd471f7e36cb2fb214d08d269ffaa2dd2053/
PET0472	ha412	s3://rieseberg-bunnies-build/merge.1-PET0472-sha1_3721c4a88031e060291b6fe4c7a9b9ddd82eea47/
PET0472	psc8	s3://rieseberg-bunnies-build/merge.1-PET0472-sha1_6ee13dcc7ee83bfc54681d6c6756de10724d67f6/
PET0472	xrqv2	s3://rieseberg-bunnies-build/merge.1-PET0472-sha1_40d021bb6cd1bf104ec894b6945595b2e84b8731/
PET0497	ha412	s3://rieseberg-bunnies-build/merge.1-PET0497-sha1_523255fb14b4d225bb25f858eed775d99bb4978c/
PET0497	psc8	s3://rieseberg-bunnies-build/merge.1-PET0497-sha1_a7c378d55a817253a9dce289ad3a17633b78b92a/
PET0497	xrqv2	s3://rieseberg-bunnies-build/merge.1-PET0497-sha1_61646124254b18a6de7f3b1f0fc38f3cda75192c/
PET0541N	ha412	s3://rieseberg-bunnies-build/merge.1-PET0541N-sha1_ad70bf00b24728584d3d6bca5621b9fef64ee4b1/
PET0541N	psc8	s3://rieseberg-bunnies-build/merge.1-PET0541N-sha1_0070f248d0e4aee2735688e57f5db588db6ea433/
PET0541N	xrqv2	s3://rieseberg-bunnies-build/merge.1-PET0541N-sha1_3268cce2cbbced4fa8c1775dd756afe51d550cf9/
PET0566	ha412	s3://rieseberg-bunnies-build/merge.1-PET0566-sha1_97bee2c03c95e37672880e9a92bb4b1f7aec186e/
PET0566	psc8	s3://rieseberg-bunnies-build/merge.1-PET0566-sha1_b564aae1749c119606005a73d69ff4d778358ef1/
PET0566	xrqv2	s3://rieseberg-bunnies-build/merge.1-PET0566-sha1_99d7867c8b90043e0ca225f72e77af47330f362b/
PET0571	ha412	s3://rieseberg-bunnies-build/merge.1-PET0571-sha1_fe741bee155636533b49799a0a8dd44c68dd1aeb/
PET0571	psc8	s3://rieseberg-bunnies-build/merge.1-PET0571-sha1_f536e0df9d3c43a3c86aaef834f533767f17b102/
PET0571	xrqv2	s3://rieseberg-bunnies-build/merge.1-PET0571-sha1_52539da415e527c3b947e0fae973963ec6ce8899/
PET0620	ha412	s3://rieseberg-bunnies-build/merge.1-PET0620-sha1_dbd8e722db692fbcc9d6c2b420b68341c4d22351/
PET0620	psc8	s3://rieseberg-bunnies-build/merge.1-PET0620-sha1_f837c2c8f372a3d0d38dd2c31e9d69c60cb0dad9/
PET0620	xrqv2	s3://rieseberg-bunnies-build/merge.1-PET0620-sha1_8b0523a798f36c4184addafa20798870150a225c/
PET0656	ha412	s3://rieseberg-bunnies-build/merge.1-PET0656-sha1_1487b95a517573d05de44c31590df3e2a6eee126/
PET0656	psc8	s3://rieseberg-bunnies-build/merge.1-PET0656-sha1_42200e85083b7eeee6c03440caccb5d632ee7a3b/
PET0656	xrqv2	s3://rieseberg-bunnies-build/merge.1-PET0656-sha1_698724979f4bbab6c38d70306b95b338195dce53/
PET0676	ha412	s3://rieseberg-bunnies-build/merge.1-PET0676-sha1_66714b8ecbac0ea9c9f94bdff3739ebf5ebc0fb7/
PET0676	psc8	s3://rieseberg-bunnies-build/merge.1-PET0676-sha1_1d787bc4bea33661b9c350b4271f39abc12d6bf1/
PET0676	xrqv2	s3://rieseberg-bunnies-build/merge.1-PET0676-sha1_ea24c87283b45398ede2d076c66344463e8c5aba/
PET0678	ha412	s3://rieseberg-bunnies-build/merge.1-PET0678-sha1_5241b60c3a28615a6bd9cd92767c10c8ac15769f/
PET0678	psc8	s3://rieseberg-bunnies-build/merge.1-PET0678-sha1_3627b4da97058a173c668760974a049f7cb7984a/
PET0678	xrqv2	s3://rieseberg-bunnies-build/merge.1-PET0678-sha1_a3b160eed97c89179ecfb38a295753e4afe7f13b/
PET0731	ha412	s3://rieseberg-bunnies-build/merge.1-PET0731-sha1_900e05447cfeb13b8088a6be46fe3796acf66345/
PET0731	psc8	s3://rieseberg-bunnies-build/merge.1-PET0731-sha1_7e11d07375d68a217f95b1fd12fe5d7180d492c7/
PET0731	xrqv2	s3://rieseberg-bunnies-build/merge.1-PET0731-sha1_0318dee49cae86b4fa2c3ec5650b39c0b5e221d4/
PET0746	ha412	s3://rieseberg-bunnies-build/merge.1-PET0746-sha1_a08cbaa166caa2bc51c495c1e13d31d58ed467b5/
PET0746	psc8	s3://rieseberg-bunnies-build/merge.1-PET0746-sha1_76a0655df5070a23b929e121c345fe8bd108dab4/
PET0746	xrqv2	s3://rieseberg-bunnies-build/merge.1-PET0746-sha1_b5d5105f687eb1a74f9305d6c749089e8c224384/
PET0759	ha412	s3://rieseberg-bunnies-build/merge.1-PET0759-sha1_aba5d0ca4e4a1b47c568266a741041f89a6287e8/
PET0759	psc8	s3://rieseberg-bunnies-build/merge.1-PET0759-sha1_fb1c9123d287099fc9c3f8bd0830279941398bf0/
PET0759	xrqv2	s3://rieseberg-bunnies-build/merge.1-PET0759-sha1_e4a0314aa268fbc45d4d9e3c2813f19b7fb0150a/
SAM003	ha412	s3://rieseberg-bunnies-build/merge.1-SAM003-sha1_827cc68085b458a995bcb2039a4e157e94e416ed/
SAM003	psc8	s3://rieseberg-bunnies-build/merge.1-SAM003-sha1_5401995f166f1442bace9acc176f6401b6b1928e/
SAM003	xrqv2	s3://rieseberg-bunnies-build/merge.1-SAM003-sha1_3745d07397518dcdef1eb417515cabb2bbb4b54f/
SAM011	ha412	s3://rieseberg-bunnies-build/merge.1-SAM011-sha1_0ea352a01670bb0da5289ec5a72937164338cc12/
SAM011	psc8	s3://rieseberg-bunnies-build/merge.1-SAM011-sha1_477515d8f2a69e246e73ecd6d8e51044d6144990/
SAM011	xrqv2	s3://rieseberg-bunnies-build/merge.1-SAM011-sha1_ddfdd7c7ed1d9c9e354e57b08aea3d5db469ac22/
SAM021	ha412	s3://rieseberg-bunnies-build/merge.1-SAM021-sha1_58eaa2d666b15e58740c8bdb3bd147a259388901/
SAM021	psc8	s3://rieseberg-bunnies-build/merge.1-SAM021-sha1_71ebac8c5ad6844e61daffe0353183e110bdda46/
SAM021	xrqv2	s3://rieseberg-bunnies-build/merge.1-SAM021-sha1_6026d868b87045aa0c1b4325b13101f362a7d7ad/
SAM060	ha412	s3://rieseberg-bunnies-build/merge.1-SAM060-sha1_f64efbbf1cd431668135cbcc371bd89f67f35c2a/
SAM060	psc8	s3://rieseberg-bunnies-build/merge.1-SAM060-sha1_d26862e8252f24c31e101fe06beba4033d11a297/
SAM060	xrqv2	s3://rieseberg-bunnies-build/merge.1-SAM060-sha1_1dbbedf367374dc5b41507eb1fb20e108ab931b1/
SAM167	ha412	s3://rieseberg-bunnies-build/merge.1-SAM167-sha1_88ffd3a33d34effb7efab620324d5a1bf80a6c4c/
SAM167	psc8	s3://rieseberg-bunnies-build/merge.1-SAM167-sha1_68ecf92669635808d64659651b093d64ceb21f75/
SAM167	xrqv2	s3://rieseberg-bunnies-build/merge.1-SAM167-sha1_b911772c9178fc7d1aa1f8aea3111e1c4600cd54/
SAM172	ha412	s3://rieseberg-bunnies-build/merge.1-SAM172-sha1_aae9ef4507525a04edf200a31ca3e942058ed03e/
SAM172	psc8	s3://rieseberg-bunnies-build/merge.1-SAM172-sha1_be8c76a3a51da989d21acf0a199db4e76feea742/
SAM172	xrqv2	s3://rieseberg-bunnies-build/merge.1-SAM172-sha1_797435e869a02441b63a3fbd818cf2ee6564c69a/
SAM179	ha412	s3://rieseberg-bunnies-build/merge.1-SAM179-sha1_691525d39b46bbf08f5a0913f15c7208ce9c18db/
SAM179	psc8	s3://rieseberg-bunnies-build/merge.1-SAM179-sha1_5167b5db27630079f8ff948854b475bf9b6d65af/
SAM179	xrqv2	s3://rieseberg-bunnies-build/merge.1-SAM179-sha1_e9062c9f0e397e24ee1ebb1544c831f300541e50/
SAM183	ha412	s3://rieseberg-bunnies-build/merge.1-SAM183-sha1_0127dcd5c5efc75bd6cf801bdfb0eaa662df65e0/
SAM183	psc8	s3://rieseberg-bunnies-build/merge.1-SAM183-sha1_a81070fa9dca2b3f844da22572dfbb7449539aac/
SAM183	xrqv2	s3://rieseberg-bunnies-build/merge.1-SAM183-sha1_c7fd6818ae1e77002e4d132d28ed6a1c1a8f7052/
SAM191	ha412	s3://rieseberg-bunnies-build/merge.1-SAM191-sha1_31723103e3d00bad311739c1c311d0a7487c35a3/
SAM191	psc8	s3://rieseberg-bunnies-build/merge.1-SAM191-sha1_f2d82dffc2edab16460607aa92046d652ee6d042/
SAM191	xrqv2	s3://rieseberg-bunnies-build/merge.1-SAM191-sha1_aab788344efad5ec3c56b2e2d6cecec1fb62a842/
SAM226	ha412	s3://rieseberg-bunnies-build/merge.1-SAM226-sha1_f69802388806a6e5d43ac86dfac87ad0ea54410c/
SAM226	psc8	s3://rieseberg-bunnies-build/merge.1-SAM226-sha1_acc23d455a3abe6e39596d63dbb58f93068b7458/
SAM226	xrqv2	s3://rieseberg-bunnies-build/merge.1-SAM226-sha1_2f68aab1207ddff426358863c00602eccf7851fa/
SAM227	ha412	s3://rieseberg-bunnies-build/merge.1-SAM227-sha1_d427e8c7161472285d3e21d3bdba33f22c425f21/
SAM227	psc8	s3://rieseberg-bunnies-build/merge.1-SAM227-sha1_b23e2565ec7ef30a60473efcac130bb1fbf3c707/
SAM227	xrqv2	s3://rieseberg-bunnies-build/merge.1-SAM227-sha1_0ecd7bd7ab9e7f0fff35c4ec3e9d4f9c46b8e1f7/
SAM233	ha412	s3://rieseberg-bunnies-build/merge.1-SAM233-sha1_88779b95dcc84715b0cc29bf24ab2c424051084e/
SAM233	psc8	s3://rieseberg-bunnies-build/merge.1-SAM233-sha1_aa72085f42ceea8a9949cabb22f411b5c02a6fb6/
SAM233	xrqv2	s3://rieseberg-bunnies-build/merge.1-SAM233-sha1_5cea4213623221d55424c66eae34b3a239948d1c/
SAM256	ha412	s3://rieseberg-bunnies-build/merge.1-SAM256-sha1_b38985abe5d6d976e5e7e71c0e22f88508a2b288/
SAM256	psc8	s3://rieseberg-bunnies-build/merge.1-SAM256-sha1_712f350fdf3ede482782cedaf0644b502c2e448f/
SAM256	xrqv2	s3://rieseberg-bunnies-build/merge.1-SAM256-sha1_c0687ce72ec61033f35ed2a2883a85400800bb72/
SAM262	ha412	s3://rieseberg-bunnies-build/merge.1-SAM262-sha1_938b14c415a58772f6f09298294eafdf465a1cff/
SAM262	psc8	s3://rieseberg-bunnies-build/merge.1-SAM262-sha1_3d91854fbe6c02c2d05446fe2c38af5598cdd89d/
SAM262	xrqv2	s3://rieseberg-bunnies-build/merge.1-SAM262-sha1_6070a950da15571fad73f9a8f8b9771ade2c156c/
SF_33	ha412	s3://rieseberg-bunnies-build/merge.1-SF_33-sha1_cd01938aa3786ff597b7b4d138283b6d63539075/
SF_33	psc8	s3://rieseberg-bunnies-build/merge.1-SF_33-sha1_22aba5c26436afdbf56a43066b225579d87d6bcc/
SF_33	xrqv2	s3://rieseberg-bunnies-build/merge.1-SF_33-sha1_211e751086187fd1a482c5e3becbf3590ae1f4b3/
